label,message
ham,"Hey, are we still meeting at 6 today?"
ham,"Please send me the project report when you finish."
ham,"Your appointment is confirmed for tomorrow at 10 AM."
ham,"Can you call me when you reach home?"
ham,"The class has been moved to room 204."
ham,"Thanks for helping me with the assignment."
ham,"Don't forget the team meeting at 4 PM."
ham,"Your order has been shipped and will arrive Friday."
ham,"Happy birthday! Have a wonderful day."
ham,"Please review the attached document before the meeting."
ham,"I will be late by ten minutes."
ham,"Your electricity bill payment was received successfully."
ham,"Let's have lunch after class."
ham,"The interview is scheduled for Monday morning."
ham,"Can you share the notes from today's lecture?"
spam,"Congratulations! You have won a FREE prize. Call now to claim."
spam,"URGENT! You have been selected for a cash reward. Click here now."
spam,"Win a brand new phone today! Send your details to claim."
spam,"You have won $1000. Claim your money immediately."
spam,"FREE entry to our lucky draw! Reply YES to participate."
spam,"Exclusive offer! Get 90% OFF today only. Click the link now."
spam,"Your account has won a bonus. Verify your information immediately."
spam,"Congratulations winner! You are eligible for a free gift."
spam,"Act now to receive your cash prize. Limited time offer."
spam,"You have been chosen for a special reward. Claim now."
spam,"Get rich fast with our guaranteed investment opportunity."
spam,"FREE vacation waiting for you! Confirm your details today."
spam,"Important: your reward expires today. Click to collect."
spam,"You are a lucky winner. Call this number immediately."
spam,"Special promotion: buy one get five free. Reply NOW."
